"Time","U:0","U:1","U:2","p","vtkValidPointMask","arc_length","Points:0","Points:1","Points:2"
6,0,0,0,-4.8019e-09,,0,2,0,0.5
6,0.0059543,6.412e-14,0,-4.8019e-09,,0.001,2,0.001,0.5
6,0.011909,1.2824e-13,0,-4.8018e-09,,0.002,2,0.002,0.5
6,0.017863,1.9236e-13,0,-4.8018e-09,,0.003,2,0.003,0.5
6,0.023817,2.5648e-13,0,-4.8017e-09,,0.004,2,0.004,0.5
6,0.029772,3.206e-13,0,-4.8017e-09,,0.005,2,0.005,0.5
6,0.035726,3.8472e-13,0,-4.8016e-09,,0.006,2,0.006,0.5
6,0.04168,4.4884e-13,0,-4.8016e-09,,0.007,2,0.007,0.5
6,0.047635,5.1296e-13,0,-4.8015e-09,,0.008,2,0.008,0.5
6,0.053589,5.7708e-13,0,-4.8015e-09,,0.009,2,0.009,0.5
6,0.059543,6.412e-13,0,-4.8014e-09,,0.01,2,0.01,0.5
6,0.065498,7.0532e-13,0,-4.8014e-09,,0.011,2,0.011,0.5
6,0.071452,7.6944e-13,0,-4.8013e-09,,0.012,2,0.012,0.5
6,0.077331,8.908e-13,0,-4.8013e-09,,0.013,2,0.013,0.5
6,0.083134,1.0694e-12,0,-4.8012e-09,,0.014,2,0.014,0.5
6,0.088937,1.248e-12,0,-4.8011e-09,,0.015,2,0.015,0.5
6,0.09474,1.4266e-12,0,-4.801e-09,,0.016,2,0.016,0.5
6,0.10054,1.6052e-12,0,-4.8009e-09,,0.017,2,0.017,0.5
6,0.10635,1.7838e-12,0,-4.8008e-09,,0.018,2,0.018,0.5
6,0.11215,1.9624e-12,0,-4.8007e-09,,0.019,2,0.019,0.5
6,0.11795,2.141e-12,0,-4.8005e-09,,0.02,2,0.02,0.5
6,0.12376,2.3196e-12,0,-4.8004e-09,,0.021,2,0.021,0.5
6,0.12956,2.4982e-12,0,-4.8003e-09,,0.022,2,0.022,0.5
6,0.13536,2.6768e-12,0,-4.8002e-09,,0.023,2,0.023,0.5
6,0.14117,2.8554e-12,0,-4.8001e-09,,0.024,2,0.024,0.5
6,0.14697,3.0341e-12,0,-4.8e-09,,0.025,2,0.025,0.5
6,0.15262,3.3356e-12,0,-4.7999e-09,,0.026,2,0.026,0.5
6,0.15827,3.6372e-12,0,-4.7998e-09,,0.027,2,0.027,0.5
6,0.16392,3.9387e-12,0,-4.7997e-09,,0.028,2,0.028,0.5
6,0.16958,4.2403e-12,0,-4.7996e-09,,0.029,2,0.029,0.5
6,0.17523,4.5418e-12,0,-4.7995e-09,,0.03,2,0.03,0.5
6,0.18088,4.8434e-12,0,-4.7994e-09,,0.031,2,0.031,0.5
6,0.18653,5.1449e-12,0,-4.7992e-09,,0.032,2,0.032,0.5
6,0.19218,5.4465e-12,0,-4.7991e-09,,0.033,2,0.033,0.5
6,0.19783,5.748e-12,0,-4.799e-09,,0.034,2,0.034,0.5
6,0.20349,6.0496e-12,0,-4.7989e-09,,0.035,2,0.035,0.5
6,0.20914,6.3511e-12,0,-4.7988e-09,,0.036,2,0.036,0.5
6,0.21479,6.6527e-12,0,-4.7987e-09,,0.037,2,0.037,0.5
6,0.22037,7.0119e-12,0,-4.7986e-09,,0.038,2,0.038,0.5
6,0.22587,7.4287e-12,0,-4.7985e-09,,0.039,2,0.039,0.5
6,0.23137,7.8456e-12,0,-4.7983e-09,,0.04,2,0.04,0.5
6,0.23687,8.2624e-12,0,-4.7982e-09,,0.041,2,0.041,0.5
6,0.24237,8.6793e-12,0,-4.7981e-09,,0.042,2,0.042,0.5
6,0.24786,9.0962e-12,0,-4.798e-09,,0.043,2,0.043,0.5
6,0.25336,9.513e-12,0,-4.7979e-09,,0.044,2,0.044,0.5
6,0.25886,9.9299e-12,0,-4.7978e-09,,0.045,2,0.045,0.5
6,0.26436,1.0347e-11,0,-4.7977e-09,,0.046,2,0.046,0.5
6,0.26986,1.0764e-11,0,-4.7976e-09,,0.047,2,0.047,0.5
6,0.27536,1.118e-11,0,-4.7974e-09,,0.048,2,0.048,0.5
6,0.28086,1.1597e-11,0,-4.7973e-09,,0.049,2,0.049,0.5
6,0.28636,1.2014e-11,0,-4.7972e-09,,0.05,2,0.05,0.5
6,0.29171,1.2534e-11,0,-4.7971e-09,,0.051,2,0.051,0.5
6,0.29706,1.3054e-11,0,-4.797e-09,,0.052,2,0.052,0.5
6,0.30241,1.3574e-11,0,-4.7969e-09,,0.053,2,0.053,0.5
6,0.30775,1.4094e-11,0,-4.7967e-09,,0.054,2,0.054,0.5
6,0.3131,1.4614e-11,0,-4.7966e-09,,0.055,2,0.055,0.5
6,0.31845,1.5134e-11,0,-4.7965e-09,,0.056,2,0.056,0.5
6,0.3238,1.5654e-11,0,-4.7964e-09,,0.057,2,0.057,0.5
6,0.32914,1.6174e-11,0,-4.7963e-09,,0.058,2,0.058,0.5
6,0.33449,1.6694e-11,0,-4.7962e-09,,0.059,2,0.059,0.5
6,0.33984,1.7214e-11,0,-4.796e-09,,0.06,2,0.06,0.5
6,0.34519,1.7733e-11,0,-4.7959e-09,,0.061,2,0.061,0.5
6,0.35053,1.8253e-11,0,-4.7958e-09,,0.062,2,0.062,0.5
6,0.35581,1.8818e-11,0,-4.7957e-09,,0.063,2,0.063,0.5
6,0.361,1.9427e-11,0,-4.7956e-09,,0.064,2,0.064,0.5
6,0.3662,2.0036e-11,0,-4.7954e-09,,0.065,2,0.065,0.5
6,0.37139,2.0645e-11,0,-4.7953e-09,,0.066,2,0.066,0.5
6,0.37659,2.1254e-11,0,-4.7952e-09,,0.067,2,0.067,0.5
6,0.38178,2.1863e-11,0,-4.7951e-09,,0.068,2,0.068,0.5
6,0.38698,2.2472e-11,0,-4.795e-09,,0.069,2,0.069,0.5
6,0.39217,2.3082e-11,0,-4.7948e-09,,0.07,2,0.07,0.5
6,0.39737,2.3691e-11,0,-4.7947e-09,,0.071,2,0.071,0.5
6,0.40256,2.43e-11,0,-4.7946e-09,,0.072,2,0.072,0.5
6,0.40776,2.4909e-11,0,-4.7945e-09,,0.073,2,0.073,0.5
6,0.41295,2.5518e-11,0,-4.7944e-09,,0.074,2,0.074,0.5
6,0.41815,2.6127e-11,0,-4.7942e-09,,0.075,2,0.075,0.5
6,0.42319,2.6809e-11,0,-4.7941e-09,,0.076,2,0.076,0.5
6,0.42823,2.7491e-11,0,-4.794e-09,,0.077,2,0.077,0.5
6,0.43327,2.8173e-11,0,-4.7939e-09,,0.078,2,0.078,0.5
6,0.43832,2.8855e-11,0,-4.7938e-09,,0.079,2,0.079,0.5
6,0.44336,2.9537e-11,0,-4.7936e-09,,0.08,2,0.08,0.5
6,0.4484,3.0218e-11,0,-4.7935e-09,,0.081,2,0.081,0.5
6,0.45344,3.09e-11,0,-4.7934e-09,,0.082,2,0.082,0.5
6,0.45849,3.1582e-11,0,-4.7933e-09,,0.083,2,0.083,0.5
6,0.46353,3.2264e-11,0,-4.7931e-09,,0.084,2,0.084,0.5
6,0.46857,3.2946e-11,0,-4.793e-09,,0.085,2,0.085,0.5
6,0.47361,3.3628e-11,0,-4.7929e-09,,0.086,2,0.086,0.5
6,0.47866,3.431e-11,0,-4.7928e-09,,0.087,2,0.087,0.5
6,0.48362,3.5019e-11,0,-4.7927e-09,,0.088,2,0.088,0.5
6,0.48851,3.5755e-11,0,-4.7925e-09,,0.089,2,0.089,0.5
6,0.4934,3.6491e-11,0,-4.7924e-09,,0.09,2,0.09,0.5
6,0.49829,3.7228e-11,0,-4.7923e-09,,0.091,2,0.091,0.5
6,0.50318,3.7964e-11,0,-4.7922e-09,,0.092,2,0.092,0.5
6,0.50807,3.87e-11,0,-4.792e-09,,0.093,2,0.093,0.5
6,0.51296,3.9437e-11,0,-4.7919e-09,,0.094,2,0.094,0.5
6,0.51785,4.0173e-11,0,-4.7918e-09,,0.095,2,0.095,0.5
6,0.52274,4.0909e-11,0,-4.7917e-09,,0.096,2,0.096,0.5
6,0.52762,4.1645e-11,0,-4.7916e-09,,0.097,2,0.097,0.5
6,0.53251,4.2382e-11,0,-4.7914e-09,,0.098,2,0.098,0.5
6,0.5374,4.3118e-11,0,-4.7913e-09,,0.099,2,0.099,0.5
6,0.54229,4.3854e-11,0,-4.7912e-09,,0.1,2,0.1,0.5
6,0.54703,4.4625e-11,0,-4.7911e-09,,0.101,2,0.101,0.5
6,0.55176,4.5396e-11,0,-4.7909e-09,,0.102,2,0.102,0.5
6,0.5565,4.6167e-11,0,-4.7908e-09,,0.103,2,0.103,0.5
6,0.56124,4.6937e-11,0,-4.7907e-09,,0.104,2,0.104,0.5
6,0.56597,4.7708e-11,0,-4.7906e-09,,0.105,2,0.105,0.5
6,0.57071,4.8479e-11,0,-4.7905e-09,,0.106,2,0.106,0.5
6,0.57544,4.925e-11,0,-4.7903e-09,,0.107,2,0.107,0.5
6,0.58018,5.0021e-11,0,-4.7902e-09,,0.108,2,0.108,0.5
6,0.58492,5.0791e-11,0,-4.7901e-09,,0.109,2,0.109,0.5
6,0.58965,5.1562e-11,0,-4.79e-09,,0.11,2,0.11,0.5
6,0.59439,5.2333e-11,0,-4.7899e-09,,0.111,2,0.111,0.5
6,0.59913,5.3104e-11,0,-4.7897e-09,,0.112,2,0.112,0.5
6,0.60378,5.3881e-11,0,-4.7896e-09,,0.113,2,0.113,0.5
6,0.60837,5.4666e-11,0,-4.7895e-09,,0.114,2,0.114,0.5
6,0.61295,5.545e-11,0,-4.7894e-09,,0.115,2,0.115,0.5
6,0.61753,5.6235e-11,0,-4.7893e-09,,0.116,2,0.116,0.5
6,0.62211,5.7019e-11,0,-4.7891e-09,,0.117,2,0.117,0.5
6,0.6267,5.7804e-11,0,-4.789e-09,,0.118,2,0.118,0.5
6,0.63128,5.8588e-11,0,-4.7889e-09,,0.119,2,0.119,0.5
6,0.63586,5.9373e-11,0,-4.7888e-09,,0.12,2,0.12,0.5
6,0.64045,6.0157e-11,0,-4.7887e-09,,0.121,2,0.121,0.5
6,0.64503,6.0942e-11,0,-4.7885e-09,,0.122,2,0.122,0.5
6,0.64961,6.1726e-11,0,-4.7884e-09,,0.123,2,0.123,0.5
6,0.65419,6.2511e-11,0,-4.7883e-09,,0.124,2,0.124,0.5
6,0.65878,6.3295e-11,0,-4.7882e-09,,0.125,2,0.125,0.5
6,0.66321,6.4072e-11,0,-4.7881e-09,,0.126,2,0.126,0.5
6,0.66763,6.4849e-11,0,-4.7879e-09,,0.127,2,0.127,0.5
6,0.67206,6.5626e-11,0,-4.7878e-09,,0.128,2,0.128,0.5
6,0.67649,6.6403e-11,0,-4.7877e-09,,0.129,2,0.129,0.5
6,0.68092,6.718e-11,0,-4.7876e-09,,0.13,2,0.13,0.5
6,0.68535,6.7956e-11,0,-4.7875e-09,,0.131,2,0.131,0.5
6,0.68978,6.8733e-11,0,-4.7874e-09,,0.132,2,0.132,0.5
6,0.69421,6.951e-11,0,-4.7873e-09,,0.133,2,0.133,0.5
6,0.69864,7.0287e-11,0,-4.7871e-09,,0.134,2,0.134,0.5
6,0.70307,7.1064e-11,0,-4.787e-09,,0.135,2,0.135,0.5
6,0.7075,7.1841e-11,0,-4.7869e-09,,0.136,2,0.136,0.5
6,0.71193,7.2618e-11,0,-4.7868e-09,,0.137,2,0.137,0.5
6,0.71628,7.338e-11,0,-4.7867e-09,,0.138,2,0.138,0.5
6,0.72055,7.4128e-11,0,-4.7866e-09,,0.139,2,0.139,0.5
6,0.72483,7.4876e-11,0,-4.7865e-09,,0.14,2,0.14,0.5
6,0.72911,7.5624e-11,0,-4.7863e-09,,0.141,2,0.141,0.5
6,0.73338,7.6373e-11,0,-4.7862e-09,,0.142,2,0.142,0.5
6,0.73766,7.7121e-11,0,-4.7861e-09,,0.143,2,0.143,0.5
6,0.74193,7.7869e-11,0,-4.786e-09,,0.144,2,0.144,0.5
6,0.74621,7.8617e-11,0,-4.7859e-09,,0.145,2,0.145,0.5
6,0.75048,7.9365e-11,0,-4.7858e-09,,0.146,2,0.146,0.5
6,0.75476,8.0113e-11,0,-4.7857e-09,,0.147,2,0.147,0.5
6,0.75903,8.0861e-11,0,-4.7856e-09,,0.148,2,0.148,0.5
6,0.76331,8.1609e-11,0,-4.7855e-09,,0.149,2,0.149,0.5
6,0.76759,8.2357e-11,0,-4.7854e-09,,0.15,2,0.15,0.5
6,0.77171,8.3056e-11,0,-4.7852e-09,,0.151,2,0.151,0.5
6,0.77583,8.3755e-11,0,-4.7851e-09,,0.152,2,0.152,0.5
6,0.77995,8.4454e-11,0,-4.785e-09,,0.153,2,0.153,0.5
6,0.78407,8.5152e-11,0,-4.7849e-09,,0.154,2,0.154,0.5
6,0.7882,8.5851e-11,0,-4.7848e-09,,0.155,2,0.155,0.5
6,0.79232,8.655e-11,0,-4.7847e-09,,0.156,2,0.156,0.5
6,0.79644,8.7249e-11,0,-4.7846e-09,,0.157,2,0.157,0.5
6,0.80056,8.7948e-11,0,-4.7845e-09,,0.158,2,0.158,0.5
6,0.80468,8.8646e-11,0,-4.7844e-09,,0.159,2,0.159,0.5
6,0.80881,8.9345e-11,0,-4.7843e-09,,0.16,2,0.16,0.5
6,0.81293,9.0044e-11,0,-4.7842e-09,,0.161,2,0.161,0.5
6,0.81705,9.0743e-11,0,-4.7841e-09,,0.162,2,0.162,0.5
6,0.82109,9.1407e-11,0,-4.784e-09,,0.163,2,0.163,0.5
6,0.82506,9.2037e-11,0,-4.7839e-09,,0.164,2,0.164,0.5
6,0.82903,9.2667e-11,0,-4.7838e-09,,0.165,2,0.165,0.5
6,0.833,9.3297e-11,0,-4.7837e-09,,0.166,2,0.166,0.5
6,0.83697,9.3928e-11,0,-4.7836e-09,,0.167,2,0.167,0.5
6,0.84094,9.4558e-11,0,-4.7835e-09,,0.168,2,0.168,0.5
6,0.84491,9.5188e-11,0,-4.7834e-09,,0.169,2,0.169,0.5
6,0.84887,9.5818e-11,0,-4.7833e-09,,0.17,2,0.17,0.5
6,0.85284,9.6448e-11,0,-4.7832e-09,,0.171,2,0.171,0.5
6,0.85681,9.7078e-11,0,-4.7832e-09,,0.172,2,0.172,0.5
6,0.86078,9.7708e-11,0,-4.7831e-09,,0.173,2,0.173,0.5
6,0.86475,9.8338e-11,0,-4.783e-09,,0.174,2,0.174,0.5
6,0.86872,9.8968e-11,0,-4.7829e-09,,0.175,2,0.175,0.5
6,0.87253,9.9512e-11,0,-4.7828e-09,,0.176,2,0.176,0.5
6,0.87635,1.0006e-10,0,-4.7827e-09,,0.177,2,0.177,0.5
6,0.88016,1.006e-10,0,-4.7826e-09,,0.178,2,0.178,0.5
6,0.88398,1.0114e-10,0,-4.7825e-09,,0.179,2,0.179,0.5
6,0.88779,1.0169e-10,0,-4.7824e-09,,0.18,2,0.18,0.5
6,0.89161,1.0223e-10,0,-4.7824e-09,,0.181,2,0.181,0.5
6,0.89542,1.0278e-10,0,-4.7823e-09,,0.182,2,0.182,0.5
6,0.89924,1.0332e-10,0,-4.7822e-09,,0.183,2,0.183,0.5
6,0.90305,1.0386e-10,0,-4.7821e-09,,0.184,2,0.184,0.5
6,0.90687,1.0441e-10,0,-4.782e-09,,0.185,2,0.185,0.5
6,0.91068,1.0495e-10,0,-4.7819e-09,,0.186,2,0.186,0.5
6,0.9145,1.055e-10,0,-4.7818e-09,,0.187,2,0.187,0.5
6,0.91823,1.0599e-10,0,-4.7818e-09,,0.188,2,0.188,0.5
6,0.92189,1.0643e-10,0,-4.7817e-09,,0.189,2,0.189,0.5
6,0.92556,1.0687e-10,0,-4.7816e-09,,0.19,2,0.19,0.5
6,0.92922,1.0732e-10,0,-4.7816e-09,,0.191,2,0.191,0.5
6,0.93288,1.0776e-10,0,-4.7815e-09,,0.192,2,0.192,0.5
6,0.93654,1.082e-10,0,-4.7814e-09,,0.193,2,0.193,0.5
6,0.9402,1.0864e-10,0,-4.7813e-09,,0.194,2,0.194,0.5
6,0.94386,1.0909e-10,0,-4.7813e-09,,0.195,2,0.195,0.5
6,0.94753,1.0953e-10,0,-4.7812e-09,,0.196,2,0.196,0.5
6,0.95119,1.0997e-10,0,-4.7811e-09,,0.197,2,0.197,0.5
6,0.95485,1.1041e-10,0,-4.781e-09,,0.198,2,0.198,0.5
6,0.95851,1.1086e-10,0,-4.781e-09,,0.199,2,0.199,0.5
6,0.96217,1.113e-10,0,-4.7809e-09,,0.2,2,0.2,0.5
6,0.96568,1.1163e-10,0,-4.7808e-09,,0.201,2,0.201,0.5
6,0.96919,1.1196e-10,0,-4.7808e-09,,0.202,2,0.202,0.5
6,0.9727,1.1228e-10,0,-4.7807e-09,,0.203,2,0.203,0.5
6,0.9762,1.1261e-10,0,-4.7807e-09,,0.204,2,0.204,0.5
6,0.97971,1.1294e-10,0,-4.7806e-09,,0.205,2,0.205,0.5
6,0.98322,1.1327e-10,0,-4.7805e-09,,0.206,2,0.206,0.5
6,0.98673,1.136e-10,0,-4.7805e-09,,0.207,2,0.207,0.5
6,0.99024,1.1393e-10,0,-4.7804e-09,,0.208,2,0.208,0.5
6,0.99374,1.1426e-10,0,-4.7804e-09,,0.209,2,0.209,0.5
6,0.99725,1.1458e-10,0,-4.7803e-09,,0.21,2,0.21,0.5
6,1.0008,1.1491e-10,0,-4.7802e-09,,0.211,2,0.211,0.5
6,1.0043,1.1524e-10,0,-4.7802e-09,,0.212,2,0.212,0.5
6,1.0077,1.1551e-10,0,-4.7801e-09,,0.213,2,0.213,0.5
6,1.0111,1.1571e-10,0,-4.7801e-09,,0.214,2,0.214,0.5
6,1.0144,1.1592e-10,0,-4.78e-09,,0.215,2,0.215,0.5
6,1.0178,1.1612e-10,0,-4.78e-09,,0.216,2,0.216,0.5
6,1.0211,1.1633e-10,0,-4.7799e-09,,0.217,2,0.217,0.5
6,1.0245,1.1653e-10,0,-4.7799e-09,,0.218,2,0.218,0.5
6,1.0278,1.1674e-10,0,-4.7799e-09,,0.219,2,0.219,0.5
6,1.0312,1.1694e-10,0,-4.7798e-09,,0.22,2,0.22,0.5
6,1.0345,1.1715e-10,0,-4.7798e-09,,0.221,2,0.221,0.5
6,1.0379,1.1736e-10,0,-4.7797e-09,,0.222,2,0.222,0.5
6,1.0413,1.1756e-10,0,-4.7797e-09,,0.223,2,0.223,0.5
6,1.0446,1.1777e-10,0,-4.7796e-09,,0.224,2,0.224,0.5
6,1.048,1.1797e-10,0,-4.7796e-09,,0.225,2,0.225,0.5
6,1.0512,1.1805e-10,0,-4.7796e-09,,0.226,2,0.226,0.5
6,1.0544,1.1812e-10,0,-4.7795e-09,,0.227,2,0.227,0.5
6,1.0576,1.182e-10,0,-4.7795e-09,,0.228,2,0.228,0.5
6,1.0608,1.1828e-10,0,-4.7795e-09,,0.229,2,0.229,0.5
6,1.064,1.1835e-10,0,-4.7795e-09,,0.23,2,0.23,0.5
6,1.0672,1.1843e-10,0,-4.7794e-09,,0.231,2,0.231,0.5
6,1.0704,1.185e-10,0,-4.7794e-09,,0.232,2,0.232,0.5
6,1.0736,1.1858e-10,0,-4.7794e-09,,0.233,2,0.233,0.5
6,1.0768,1.1866e-10,0,-4.7793e-09,,0.234,2,0.234,0.5
6,1.08,1.1873e-10,0,-4.7793e-09,,0.235,2,0.235,0.5
6,1.0832,1.1881e-10,0,-4.7793e-09,,0.236,2,0.236,0.5
6,1.0864,1.1889e-10,0,-4.7793e-09,,0.237,2,0.237,0.5
6,1.0895,1.189e-10,0,-4.7792e-09,,0.238,2,0.238,0.5
6,1.0926,1.1884e-10,0,-4.7792e-09,,0.239,2,0.239,0.5
6,1.0956,1.1879e-10,0,-4.7792e-09,,0.24,2,0.24,0.5
6,1.0987,1.1873e-10,0,-4.7792e-09,,0.241,2,0.241,0.5
6,1.1017,1.1868e-10,0,-4.7792e-09,,0.242,2,0.242,0.5
6,1.1048,1.1862e-10,0,-4.7792e-09,,0.243,2,0.243,0.5
6,1.1078,1.1856e-10,0,-4.7792e-09,,0.244,2,0.244,0.5
6,1.1109,1.1851e-10,0,-4.7792e-09,,0.245,2,0.245,0.5
6,1.1139,1.1845e-10,0,-4.7792e-09,,0.246,2,0.246,0.5
6,1.117,1.184e-10,0,-4.7792e-09,,0.247,2,0.247,0.5
6,1.12,1.1834e-10,0,-4.7791e-09,,0.248,2,0.248,0.5
6,1.1231,1.1829e-10,0,-4.7791e-09,,0.249,2,0.249,0.5
6,1.1261,1.1823e-10,0,-4.7791e-09,,0.25,2,0.25,0.5
6,1.129,1.1805e-10,0,-4.7791e-09,,0.251,2,0.251,0.5
6,1.1319,1.1786e-10,0,-4.7791e-09,,0.252,2,0.252,0.5
6,1.1348,1.1768e-10,0,-4.7792e-09,,0.253,2,0.253,0.5
6,1.1377,1.1749e-10,0,-4.7792e-09,,0.254,2,0.254,0.5
6,1.1406,1.1731e-10,0,-4.7792e-09,,0.255,2,0.255,0.5
6,1.1435,1.1712e-10,0,-4.7792e-09,,0.256,2,0.256,0.5
6,1.1464,1.1693e-10,0,-4.7792e-09,,0.257,2,0.257,0.5
6,1.1493,1.1675e-10,0,-4.7792e-09,,0.258,2,0.258,0.5
6,1.1522,1.1656e-10,0,-4.7792e-09,,0.259,2,0.259,0.5
6,1.1551,1.1638e-10,0,-4.7792e-09,,0.26,2,0.26,0.5
6,1.158,1.1619e-10,0,-4.7792e-09,,0.261,2,0.261,0.5
6,1.1609,1.1601e-10,0,-4.7792e-09,,0.262,2,0.262,0.5
6,1.1637,1.1576e-10,0,-4.7793e-09,,0.263,2,0.263,0.5
6,1.1665,1.1545e-10,0,-4.7793e-09,,0.264,2,0.264,0.5
6,1.1692,1.1514e-10,0,-4.7793e-09,,0.265,2,0.265,0.5
6,1.172,1.1483e-10,0,-4.7793e-09,,0.266,2,0.266,0.5
6,1.1747,1.1451e-10,0,-4.7794e-09,,0.267,2,0.267,0.5
6,1.1774,1.142e-10,0,-4.7794e-09,,0.268,2,0.268,0.5
6,1.1802,1.1389e-10,0,-4.7794e-09,,0.269,2,0.269,0.5
6,1.1829,1.1358e-10,0,-4.7795e-09,,0.27,2,0.27,0.5
6,1.1857,1.1327e-10,0,-4.7795e-09,,0.271,2,0.271,0.5
6,1.1884,1.1296e-10,0,-4.7795e-09,,0.272,2,0.272,0.5
6,1.1912,1.1265e-10,0,-4.7795e-09,,0.273,2,0.273,0.5
6,1.1939,1.1234e-10,0,-4.7796e-09,,0.274,2,0.274,0.5
6,1.1967,1.1203e-10,0,-4.7796e-09,,0.275,2,0.275,0.5
6,1.1993,1.116e-10,0,-4.7796e-09,,0.276,2,0.276,0.5
6,1.2019,1.1117e-10,0,-4.7797e-09,,0.277,2,0.277,0.5
6,1.2044,1.1074e-10,0,-4.7797e-09,,0.278,2,0.278,0.5
6,1.207,1.1031e-10,0,-4.7798e-09,,0.279,2,0.279,0.5
6,1.2096,1.0988e-10,0,-4.7798e-09,,0.28,2,0.28,0.5
6,1.2122,1.0945e-10,0,-4.7799e-09,,0.281,2,0.281,0.5
6,1.2148,1.0902e-10,0,-4.7799e-09,,0.282,2,0.282,0.5
6,1.2174,1.086e-10,0,-4.78e-09,,0.283,2,0.283,0.5
6,1.22,1.0817e-10,0,-4.78e-09,,0.284,2,0.284,0.5
6,1.2226,1.0774e-10,0,-4.7801e-09,,0.285,2,0.285,0.5
6,1.2252,1.0731e-10,0,-4.7801e-09,,0.286,2,0.286,0.5
6,1.2278,1.0688e-10,0,-4.7802e-09,,0.287,2,0.287,0.5
6,1.2303,1.064e-10,0,-4.7802e-09,,0.288,2,0.288,0.5
6,1.2328,1.0586e-10,0,-4.7803e-09,,0.289,2,0.289,0.5
6,1.2352,1.0533e-10,0,-4.7804e-09,,0.29,2,0.29,0.5
6,1.2376,1.0479e-10,0,-4.7805e-09,,0.291,2,0.291,0.5
6,1.2401,1.0425e-10,0,-4.7805e-09,,0.292,2,0.292,0.5
6,1.2425,1.0372e-10,0,-4.7806e-09,,0.293,2,0.293,0.5
6,1.245,1.0318e-10,0,-4.7807e-09,,0.294,2,0.294,0.5
6,1.2474,1.0264e-10,0,-4.7807e-09,,0.295,2,0.295,0.5
6,1.2499,1.0211e-10,0,-4.7808e-09,,0.296,2,0.296,0.5
6,1.2523,1.0157e-10,0,-4.7809e-09,,0.297,2,0.297,0.5
6,1.2547,1.0104e-10,0,-4.7809e-09,,0.298,2,0.298,0.5
6,1.2572,1.005e-10,0,-4.781e-09,,0.299,2,0.299,0.5
6,1.2596,9.9963e-11,0,-4.7811e-09,,0.3,2,0.3,0.5
6,1.2619,9.9333e-11,0,-4.7812e-09,,0.301,2,0.301,0.5
6,1.2642,9.8702e-11,0,-4.7813e-09,,0.302,2,0.302,0.5
6,1.2665,9.8071e-11,0,-4.7814e-09,,0.303,2,0.303,0.5
6,1.2688,9.744e-11,0,-4.7814e-09,,0.304,2,0.304,0.5
6,1.2711,9.681e-11,0,-4.7815e-09,,0.305,2,0.305,0.5
6,1.2734,9.6179e-11,0,-4.7816e-09,,0.306,2,0.306,0.5
6,1.2757,9.5548e-11,0,-4.7817e-09,,0.307,2,0.307,0.5
6,1.278,9.4917e-11,0,-4.7818e-09,,0.308,2,0.308,0.5
6,1.2803,9.4286e-11,0,-4.7819e-09,,0.309,2,0.309,0.5
6,1.2826,9.3656e-11,0,-4.782e-09,,0.31,2,0.31,0.5
6,1.2848,9.3025e-11,0,-4.7821e-09,,0.311,2,0.311,0.5
6,1.2871,9.2394e-11,0,-4.7822e-09,,0.312,2,0.312,0.5
6,1.2894,9.1723e-11,0,-4.7823e-09,,0.313,2,0.313,0.5
6,1.2915,9.1012e-11,0,-4.7824e-09,,0.314,2,0.314,0.5
6,1.2936,9.0301e-11,0,-4.7825e-09,,0.315,2,0.315,0.5
6,1.2958,8.959e-11,0,-4.7826e-09,,0.316,2,0.316,0.5
6,1.2979,8.8879e-11,0,-4.7827e-09,,0.317,2,0.317,0.5
6,1.3001,8.8168e-11,0,-4.7828e-09,,0.318,2,0.318,0.5
6,1.3022,8.7457e-11,0,-4.7829e-09,,0.319,2,0.319,0.5
6,1.3044,8.6746e-11,0,-4.783e-09,,0.32,2,0.32,0.5
6,1.3065,8.6035e-11,0,-4.7831e-09,,0.321,2,0.321,0.5
6,1.3086,8.5324e-11,0,-4.7833e-09,,0.322,2,0.322,0.5
6,1.3108,8.4613e-11,0,-4.7834e-09,,0.323,2,0.323,0.5
6,1.3129,8.3902e-11,0,-4.7835e-09,,0.324,2,0.324,0.5
6,1.3151,8.3191e-11,0,-4.7836e-09,,0.325,2,0.325,0.5
6,1.3171,8.2415e-11,0,-4.7837e-09,,0.326,2,0.326,0.5
6,1.319,8.1639e-11,0,-4.7838e-09,,0.327,2,0.327,0.5
6,1.321,8.0863e-11,0,-4.784e-09,,0.328,2,0.328,0.5
6,1.323,8.0087e-11,0,-4.7841e-09,,0.329,2,0.329,0.5
6,1.325,7.9311e-11,0,-4.7842e-09,,0.33,2,0.33,0.5
6,1.327,7.8535e-11,0,-4.7844e-09,,0.331,2,0.331,0.5
6,1.329,7.776e-11,0,-4.7845e-09,,0.332,2,0.332,0.5
6,1.331,7.6984e-11,0,-4.7846e-09,,0.333,2,0.333,0.5
6,1.333,7.6208e-11,0,-4.7847e-09,,0.334,2,0.334,0.5
6,1.335,7.5432e-11,0,-4.7849e-09,,0.335,2,0.335,0.5
6,1.337,7.4656e-11,0,-4.785e-09,,0.336,2,0.336,0.5
6,1.339,7.388e-11,0,-4.7851e-09,,0.337,2,0.337,0.5
6,1.3409,7.3079e-11,0,-4.7853e-09,,0.338,2,0.338,0.5
6,1.3427,7.2254e-11,0,-4.7854e-09,,0.339,2,0.339,0.5
6,1.3446,7.1429e-11,0,-4.7856e-09,,0.34,2,0.34,0.5
6,1.3464,7.0604e-11,0,-4.7857e-09,,0.341,2,0.341,0.5
6,1.3483,6.9779e-11,0,-4.7859e-09,,0.342,2,0.342,0.5
6,1.3501,6.8954e-11,0,-4.786e-09,,0.343,2,0.343,0.5
6,1.3519,6.8129e-11,0,-4.7862e-09,,0.344,2,0.344,0.5
6,1.3538,6.7304e-11,0,-4.7863e-09,,0.345,2,0.345,0.5
6,1.3556,6.6479e-11,0,-4.7865e-09,,0.346,2,0.346,0.5
6,1.3575,6.5654e-11,0,-4.7866e-09,,0.347,2,0.347,0.5
6,1.3593,6.4829e-11,0,-4.7868e-09,,0.348,2,0.348,0.5
6,1.3611,6.4004e-11,0,-4.7869e-09,,0.349,2,0.349,0.5
6,1.363,6.3179e-11,0,-4.787e-09,,0.35,2,0.35,0.5
6,1.3647,6.232e-11,0,-4.7872e-09,,0.351,2,0.351,0.5
6,1.3664,6.1461e-11,0,-4.7874e-09,,0.352,2,0.352,0.5
6,1.3681,6.0602e-11,0,-4.7875e-09,,0.353,2,0.353,0.5
6,1.3698,5.9744e-11,0,-4.7877e-09,,0.354,2,0.354,0.5
6,1.3715,5.8885e-11,0,-4.7879e-09,,0.355,2,0.355,0.5
6,1.3731,5.8026e-11,0,-4.788e-09,,0.356,2,0.356,0.5
6,1.3748,5.7168e-11,0,-4.7882e-09,,0.357,2,0.357,0.5
6,1.3765,5.6309e-11,0,-4.7884e-09,,0.358,2,0.358,0.5
6,1.3782,5.545e-11,0,-4.7885e-09,,0.359,2,0.359,0.5
6,1.3799,5.4591e-11,0,-4.7887e-09,,0.36,2,0.36,0.5
6,1.3816,5.3733e-11,0,-4.7889e-09,,0.361,2,0.361,0.5
6,1.3833,5.2874e-11,0,-4.789e-09,,0.362,2,0.362,0.5
6,1.3849,5.2006e-11,0,-4.7892e-09,,0.363,2,0.363,0.5
6,1.3865,5.1128e-11,0,-4.7894e-09,,0.364,2,0.364,0.5
6,1.388,5.025e-11,0,-4.7896e-09,,0.365,2,0.365,0.5
6,1.3896,4.9373e-11,0,-4.7897e-09,,0.366,2,0.366,0.5
6,1.3911,4.8495e-11,0,-4.7899e-09,,0.367,2,0.367,0.5
6,1.3926,4.7617e-11,0,-4.7901e-09,,0.368,2,0.368,0.5
6,1.3942,4.674e-11,0,-4.7903e-09,,0.369,2,0.369,0.5
6,1.3957,4.5862e-11,0,-4.7905e-09,,0.37,2,0.37,0.5
6,1.3973,4.4984e-11,0,-4.7906e-09,,0.371,2,0.371,0.5
6,1.3988,4.4107e-11,0,-4.7908e-09,,0.372,2,0.372,0.5
6,1.4004,4.3229e-11,0,-4.791e-09,,0.373,2,0.373,0.5
6,1.4019,4.2351e-11,0,-4.7912e-09,,0.374,2,0.374,0.5
6,1.4035,4.1473e-11,0,-4.7914e-09,,0.375,2,0.375,0.5
6,1.4049,4.059e-11,0,-4.7916e-09,,0.376,2,0.376,0.5
6,1.4063,3.9707e-11,0,-4.7918e-09,,0.377,2,0.377,0.5
6,1.4076,3.8824e-11,0,-4.792e-09,,0.378,2,0.378,0.5
6,1.409,3.7941e-11,0,-4.7921e-09,,0.379,2,0.379,0.5
6,1.4104,3.7057e-11,0,-4.7923e-09,,0.38,2,0.38,0.5
6,1.4118,3.6174e-11,0,-4.7925e-09,,0.381,2,0.381,0.5
6,1.4132,3.5291e-11,0,-4.7927e-09,,0.382,2,0.382,0.5
6,1.4146,3.4408e-11,0,-4.7929e-09,,0.383,2,0.383,0.5
6,1.416,3.3525e-11,0,-4.7931e-09,,0.384,2,0.384,0.5
6,1.4174,3.2641e-11,0,-4.7933e-09,,0.385,2,0.385,0.5
6,1.4188,3.1758e-11,0,-4.7935e-09,,0.386,2,0.386,0.5
6,1.4202,3.0875e-11,0,-4.7937e-09,,0.387,2,0.387,0.5
6,1.4215,2.9995e-11,0,-4.7939e-09,,0.388,2,0.388,0.5
6,1.4228,2.9118e-11,0,-4.7941e-09,,0.389,2,0.389,0.5
6,1.424,2.8241e-11,0,-4.7943e-09,,0.39,2,0.39,0.5
6,1.4253,2.7364e-11,0,-4.7945e-09,,0.391,2,0.391,0.5
6,1.4265,2.6487e-11,0,-4.7947e-09,,0.392,2,0.392,0.5
6,1.4278,2.561e-11,0,-4.7949e-09,,0.393,2,0.393,0.5
6,1.429,2.4733e-11,0,-4.7951e-09,,0.394,2,0.394,0.5
6,1.4303,2.3856e-11,0,-4.7954e-09,,0.395,2,0.395,0.5
6,1.4315,2.2979e-11,0,-4.7956e-09,,0.396,2,0.396,0.5
6,1.4328,2.2102e-11,0,-4.7958e-09,,0.397,2,0.397,0.5
6,1.434,2.1225e-11,0,-4.796e-09,,0.398,2,0.398,0.5
6,1.4353,2.0348e-11,0,-4.7962e-09,,0.399,2,0.399,0.5
6,1.4365,1.9471e-11,0,-4.7964e-09,,0.4,2,0.4,0.5
6,1.4376,1.8611e-11,0,-4.7966e-09,,0.401,2,0.401,0.5
6,1.4387,1.775e-11,0,-4.7968e-09,,0.402,2,0.402,0.5
6,1.4398,1.6889e-11,0,-4.797e-09,,0.403,2,0.403,0.5
6,1.4409,1.6028e-11,0,-4.7973e-09,,0.404,2,0.404,0.5
6,1.442,1.5167e-11,0,-4.7975e-09,,0.405,2,0.405,0.5
6,1.4431,1.4306e-11,0,-4.7977e-09,,0.406,2,0.406,0.5
6,1.4442,1.3445e-11,0,-4.7979e-09,,0.407,2,0.407,0.5
6,1.4453,1.2584e-11,0,-4.7981e-09,,0.408,2,0.408,0.5
6,1.4464,1.1724e-11,0,-4.7983e-09,,0.409,2,0.409,0.5
6,1.4475,1.0863e-11,0,-4.7986e-09,,0.41,2,0.41,0.5
6,1.4486,1.0002e-11,0,-4.7988e-09,,0.411,2,0.411,0.5
6,1.4497,9.141e-12,0,-4.799e-09,,0.412,2,0.412,0.5
6,1.4507,8.2921e-12,0,-4.7992e-09,,0.413,2,0.413,0.5
6,1.4517,7.455e-12,0,-4.7994e-09,,0.414,2,0.414,0.5
6,1.4527,6.618e-12,0,-4.7997e-09,,0.415,2,0.415,0.5
6,1.4536,5.7809e-12,0,-4.7999e-09,,0.416,2,0.416,0.5
6,1.4546,4.9439e-12,0,-4.8001e-09,,0.417,2,0.417,0.5
6,1.4555,4.1069e-12,0,-4.8004e-09,,0.418,2,0.418,0.5
6,1.4565,3.2699e-12,0,-4.8006e-09,,0.419,2,0.419,0.5
6,1.4574,2.4328e-12,0,-4.8008e-09,,0.42,2,0.42,0.5
6,1.4584,1.5958e-12,0,-4.801e-09,,0.421,2,0.421,0.5
6,1.4593,7.5878e-13,0,-4.8013e-09,,0.422,2,0.422,0.5
6,1.4603,-7.8265e-14,0,-4.8015e-09,,0.423,2,0.423,0.5
6,1.4612,-9.1528e-13,0,-4.8017e-09,,0.424,2,0.424,0.5
6,1.4622,-1.7523e-12,0,-4.8019e-09,,0.425,2,0.425,0.5
6,1.463,-2.56e-12,0,-4.8022e-09,,0.426,2,0.426,0.5
6,1.4638,-3.3677e-12,0,-4.8024e-09,,0.427,2,0.427,0.5
6,1.4646,-4.1754e-12,0,-4.8026e-09,,0.428,2,0.428,0.5
6,1.4654,-4.9831e-12,0,-4.8029e-09,,0.429,2,0.429,0.5
6,1.4662,-5.7908e-12,0,-4.8031e-09,,0.43,2,0.43,0.5
6,1.467,-6.5985e-12,0,-4.8033e-09,,0.431,2,0.431,0.5
6,1.4678,-7.4062e-12,0,-4.8036e-09,,0.432,2,0.432,0.5
6,1.4686,-8.2138e-12,0,-4.8038e-09,,0.433,2,0.433,0.5
6,1.4694,-9.0215e-12,0,-4.804e-09,,0.434,2,0.434,0.5
6,1.4702,-9.8292e-12,0,-4.8043e-09,,0.435,2,0.435,0.5
6,1.4711,-1.0637e-11,0,-4.8045e-09,,0.436,2,0.436,0.5
6,1.4719,-1.1445e-11,0,-4.8047e-09,,0.437,2,0.437,0.5
6,1.4726,-1.2236e-11,0,-4.805e-09,,0.438,2,0.438,0.5
6,1.4732,-1.3011e-11,0,-4.8052e-09,,0.439,2,0.439,0.5
6,1.4739,-1.3786e-11,0,-4.8054e-09,,0.44,2,0.44,0.5
6,1.4746,-1.4561e-11,0,-4.8057e-09,,0.441,2,0.441,0.5
6,1.4752,-1.5336e-11,0,-4.8059e-09,,0.442,2,0.442,0.5
6,1.4759,-1.6111e-11,0,-4.8062e-09,,0.443,2,0.443,0.5
6,1.4765,-1.6886e-11,0,-4.8064e-09,,0.444,2,0.444,0.5
6,1.4772,-1.7661e-11,0,-4.8066e-09,,0.445,2,0.445,0.5
6,1.4779,-1.8436e-11,0,-4.8069e-09,,0.446,2,0.446,0.5
6,1.4785,-1.921e-11,0,-4.8071e-09,,0.447,2,0.447,0.5
6,1.4792,-1.9985e-11,0,-4.8073e-09,,0.448,2,0.448,0.5
6,1.4798,-2.076e-11,0,-4.8076e-09,,0.449,2,0.449,0.5
6,1.4805,-2.1535e-11,0,-4.8078e-09,,0.45,2,0.45,0.5
6,1.481,-2.2276e-11,0,-4.8081e-09,,0.451,2,0.451,0.5
6,1.4815,-2.3017e-11,0,-4.8083e-09,,0.452,2,0.452,0.5
6,1.482,-2.3758e-11,0,-4.8085e-09,,0.453,2,0.453,0.5
6,1.4825,-2.4498e-11,0,-4.8088e-09,,0.454,2,0.454,0.5
6,1.4831,-2.5239e-11,0,-4.809e-09,,0.455,2,0.455,0.5
6,1.4836,-2.598e-11,0,-4.8093e-09,,0.456,2,0.456,0.5
6,1.4841,-2.6721e-11,0,-4.8095e-09,,0.457,2,0.457,0.5
6,1.4846,-2.7462e-11,0,-4.8098e-09,,0.458,2,0.458,0.5
6,1.4851,-2.8202e-11,0,-4.81e-09,,0.459,2,0.459,0.5
6,1.4856,-2.8943e-11,0,-4.8102e-09,,0.46,2,0.46,0.5
6,1.4861,-2.9684e-11,0,-4.8105e-09,,0.461,2,0.461,0.5
6,1.4866,-3.0425e-11,0,-4.8107e-09,,0.462,2,0.462,0.5
6,1.4871,-3.1149e-11,0,-4.811e-09,,0.463,2,0.463,0.5
6,1.4875,-3.1856e-11,0,-4.8112e-09,,0.464,2,0.464,0.5
6,1.4878,-3.2563e-11,0,-4.8114e-09,,0.465,2,0.465,0.5
6,1.4882,-3.327e-11,0,-4.8117e-09,,0.466,2,0.466,0.5
6,1.4886,-3.3977e-11,0,-4.8119e-09,,0.467,2,0.467,0.5
6,1.4889,-3.4684e-11,0,-4.8122e-09,,0.468,2,0.468,0.5
6,1.4893,-3.5391e-11,0,-4.8124e-09,,0.469,2,0.469,0.5
6,1.4897,-3.6098e-11,0,-4.8127e-09,,0.47,2,0.47,0.5
6,1.49,-3.6805e-11,0,-4.8129e-09,,0.471,2,0.471,0.5
6,1.4904,-3.7512e-11,0,-4.8131e-09,,0.472,2,0.472,0.5
6,1.4907,-3.8219e-11,0,-4.8134e-09,,0.473,2,0.473,0.5
6,1.4911,-3.8926e-11,0,-4.8136e-09,,0.474,2,0.474,0.5
6,1.4915,-3.9633e-11,0,-4.8139e-09,,0.475,2,0.475,0.5
6,1.4917,-4.0308e-11,0,-4.8141e-09,,0.476,2,0.476,0.5
6,1.4919,-4.0983e-11,0,-4.8144e-09,,0.477,2,0.477,0.5
6,1.4921,-4.1658e-11,0,-4.8146e-09,,0.478,2,0.478,0.5
6,1.4924,-4.2333e-11,0,-4.8148e-09,,0.479,2,0.479,0.5
6,1.4926,-4.3008e-11,0,-4.8151e-09,,0.48,2,0.48,0.5
6,1.4928,-4.3683e-11,0,-4.8153e-09,,0.481,2,0.481,0.5
6,1.493,-4.4358e-11,0,-4.8156e-09,,0.482,2,0.482,0.5
6,1.4932,-4.5033e-11,0,-4.8158e-09,,0.483,2,0.483,0.5
6,1.4935,-4.5708e-11,0,-4.8161e-09,,0.484,2,0.484,0.5
6,1.4937,-4.6383e-11,0,-4.8163e-09,,0.485,2,0.485,0.5
6,1.4939,-4.7058e-11,0,-4.8166e-09,,0.486,2,0.486,0.5
6,1.4941,-4.7733e-11,0,-4.8168e-09,,0.487,2,0.487,0.5
6,1.4943,-4.8393e-11,0,-4.817e-09,,0.488,2,0.488,0.5
6,1.4943,-4.9039e-11,0,-4.8173e-09,,0.489,2,0.489,0.5
6,1.4944,-4.9685e-11,0,-4.8175e-09,,0.49,2,0.49,0.5
6,1.4945,-5.0331e-11,0,-4.8178e-09,,0.491,2,0.491,0.5
6,1.4945,-5.0977e-11,0,-4.818e-09,,0.492,2,0.492,0.5
6,1.4946,-5.1623e-11,0,-4.8182e-09,,0.493,2,0.493,0.5
6,1.4947,-5.2269e-11,0,-4.8185e-09,,0.494,2,0.494,0.5
6,1.4948,-5.2915e-11,0,-4.8187e-09,,0.495,2,0.495,0.5
6,1.4948,-5.3561e-11,0,-4.819e-09,,0.496,2,0.496,0.5
6,1.4949,-5.4207e-11,0,-4.8192e-09,,0.497,2,0.497,0.5
6,1.495,-5.4853e-11,0,-4.8195e-09,,0.498,2,0.498,0.5
6,1.4951,-5.5499e-11,0,-4.8197e-09,,0.499,2,0.499,0.5
6,1.4951,-5.6145e-11,0,-4.8199e-09,,0.5,2,0.5,0.5
6,1.4951,-5.6765e-11,0,-4.8202e-09,,0.501,2,0.501,0.5
6,1.495,-5.7386e-11,0,-4.8204e-09,,0.502,2,0.502,0.5
6,1.4949,-5.8006e-11,0,-4.8207e-09,,0.503,2,0.503,0.5
6,1.4948,-5.8627e-11,0,-4.8209e-09,,0.504,2,0.504,0.5
6,1.4948,-5.9247e-11,0,-4.8211e-09,,0.505,2,0.505,0.5
6,1.4947,-5.9868e-11,0,-4.8214e-09,,0.506,2,0.506,0.5
6,1.4946,-6.0488e-11,0,-4.8216e-09,,0.507,2,0.507,0.5
6,1.4945,-6.1109e-11,0,-4.8219e-09,,0.508,2,0.508,0.5
6,1.4945,-6.1729e-11,0,-4.8221e-09,,0.509,2,0.509,0.5
6,1.4944,-6.2349e-11,0,-4.8223e-09,,0.51,2,0.51,0.5
6,1.4943,-6.297e-11,0,-4.8226e-09,,0.511,2,0.511,0.5
6,1.4943,-6.359e-11,0,-4.8228e-09,,0.512,2,0.512,0.5
6,1.4941,-6.42e-11,0,-4.8231e-09,,0.513,2,0.513,0.5
6,1.4939,-6.4799e-11,0,-4.8233e-09,,0.514,2,0.514,0.5
6,1.4937,-6.5398e-11,0,-4.8235e-09,,0.515,2,0.515,0.5
6,1.4935,-6.5997e-11,0,-4.8238e-09,,0.516,2,0.516,0.5
6,1.4932,-6.6596e-11,0,-4.824e-09,,0.517,2,0.517,0.5
6,1.493,-6.7195e-11,0,-4.8242e-09,,0.518,2,0.518,0.5
6,1.4928,-6.7794e-11,0,-4.8245e-09,,0.519,2,0.519,0.5
6,1.4926,-6.8393e-11,0,-4.8247e-09,,0.52,2,0.52,0.5
6,1.4924,-6.8992e-11,0,-4.825e-09,,0.521,2,0.521,0.5
6,1.4921,-6.9591e-11,0,-4.8252e-09,,0.522,2,0.522,0.5
6,1.4919,-7.019e-11,0,-4.8254e-09,,0.523,2,0.523,0.5
6,1.4917,-7.0788e-11,0,-4.8257e-09,,0.524,2,0.524,0.5
6,1.4915,-7.1387e-11,0,-4.8259e-09,,0.525,2,0.525,0.5
6,1.4911,-7.1969e-11,0,-4.8261e-09,,0.526,2,0.526,0.5
6,1.4907,-7.255e-11,0,-4.8264e-09,,0.527,2,0.527,0.5
6,1.4904,-7.3131e-11,0,-4.8266e-09,,0.528,2,0.528,0.5
6,1.49,-7.3712e-11,0,-4.8268e-09,,0.529,2,0.529,0.5
6,1.4897,-7.4293e-11,0,-4.8271e-09,,0.53,2,0.53,0.5
6,1.4893,-7.4875e-11,0,-4.8273e-09,,0.531,2,0.531,0.5
6,1.4889,-7.5456e-11,0,-4.8275e-09,,0.532,2,0.532,0.5
6,1.4886,-7.6037e-11,0,-4.8278e-09,,0.533,2,0.533,0.5
6,1.4882,-7.6618e-11,0,-4.828e-09,,0.534,2,0.534,0.5
6,1.4878,-7.7199e-11,0,-4.8282e-09,,0.535,2,0.535,0.5
6,1.4875,-7.7781e-11,0,-4.8285e-09,,0.536,2,0.536,0.5
6,1.4871,-7.8362e-11,0,-4.8287e-09,,0.537,2,0.537,0.5
6,1.4866,-7.8936e-11,0,-4.8289e-09,,0.538,2,0.538,0.5
6,1.4861,-7.9503e-11,0,-4.8291e-09,,0.539,2,0.539,0.5
6,1.4856,-8.0069e-11,0,-4.8294e-09,,0.54,2,0.54,0.5
6,1.4851,-8.0636e-11,0,-4.8296e-09,,0.541,2,0.541,0.5
6,1.4846,-8.1203e-11,0,-4.8298e-09,,0.542,2,0.542,0.5
6,1.4841,-8.177e-11,0,-4.8301e-09,,0.543,2,0.543,0.5
6,1.4836,-8.2337e-11,0,-4.8303e-09,,0.544,2,0.544,0.5
6,1.4831,-8.2903e-11,0,-4.8305e-09,,0.545,2,0.545,0.5
6,1.4825,-8.347e-11,0,-4.8307e-09,,0.546,2,0.546,0.5
6,1.482,-8.4037e-11,0,-4.831e-09,,0.547,2,0.547,0.5
6,1.4815,-8.4604e-11,0,-4.8312e-09,,0.548,2,0.548,0.5
6,1.481,-8.5171e-11,0,-4.8314e-09,,0.549,2,0.549,0.5
6,1.4805,-8.5737e-11,0,-4.8316e-09,,0.55,2,0.55,0.5
6,1.4798,-8.6292e-11,0,-4.8319e-09,,0.551,2,0.551,0.5
6,1.4792,-8.6847e-11,0,-4.8321e-09,,0.552,2,0.552,0.5
6,1.4785,-8.7402e-11,0,-4.8323e-09,,0.553,2,0.553,0.5
6,1.4779,-8.7957e-11,0,-4.8325e-09,,0.554,2,0.554,0.5
6,1.4772,-8.8511e-11,0,-4.8328e-09,,0.555,2,0.555,0.5
6,1.4765,-8.9066e-11,0,-4.833e-09,,0.556,2,0.556,0.5
6,1.4759,-8.9621e-11,0,-4.8332e-09,,0.557,2,0.557,0.5
6,1.4752,-9.0176e-11,0,-4.8334e-09,,0.558,2,0.558,0.5
6,1.4746,-9.0731e-11,0,-4.8336e-09,,0.559,2,0.559,0.5
6,1.4739,-9.1285e-11,0,-4.8339e-09,,0.56,2,0.56,0.5
6,1.4732,-9.184e-11,0,-4.8341e-09,,0.561,2,0.561,0.5
6,1.4726,-9.2395e-11,0,-4.8343e-09,,0.562,2,0.562,0.5
6,1.4719,-9.2945e-11,0,-4.8345e-09,,0.563,2,0.563,0.5
6,1.4711,-9.3489e-11,0,-4.8348e-09,,0.564,2,0.564,0.5
6,1.4702,-9.4033e-11,0,-4.835e-09,,0.565,2,0.565,0.5
6,1.4694,-9.4577e-11,0,-4.8352e-09,,0.566,2,0.566,0.5
6,1.4686,-9.5121e-11,0,-4.8354e-09,,0.567,2,0.567,0.5
6,1.4678,-9.5665e-11,0,-4.8356e-09,,0.568,2,0.568,0.5
6,1.467,-9.6209e-11,0,-4.8358e-09,,0.569,2,0.569,0.5
6,1.4662,-9.6753e-11,0,-4.8361e-09,,0.57,2,0.57,0.5
6,1.4654,-9.7297e-11,0,-4.8363e-09,,0.571,2,0.571,0.5
6,1.4646,-9.7841e-11,0,-4.8365e-09,,0.572,2,0.572,0.5
6,1.4638,-9.8385e-11,0,-4.8367e-09,,0.573,2,0.573,0.5
6,1.463,-9.8929e-11,0,-4.8369e-09,,0.574,2,0.574,0.5
6,1.4622,-9.9473e-11,0,-4.8371e-09,,0.575,2,0.575,0.5
6,1.4612,-1.0001e-10,0,-4.8373e-09,,0.576,2,0.576,0.5
6,1.4603,-1.0054e-10,0,-4.8376e-09,,0.577,2,0.577,0.5
6,1.4593,-1.0107e-10,0,-4.8378e-09,,0.578,2,0.578,0.5
6,1.4584,-1.0161e-10,0,-4.838e-09,,0.579,2,0.579,0.5
6,1.4574,-1.0214e-10,0,-4.8382e-09,,0.58,2,0.58,0.5
6,1.4565,-1.0267e-10,0,-4.8384e-09,,0.581,2,0.581,0.5
6,1.4555,-1.0321e-10,0,-4.8386e-09,,0.582,2,0.582,0.5
6,1.4546,-1.0374e-10,0,-4.8388e-09,,0.583,2,0.583,0.5
6,1.4536,-1.0427e-10,0,-4.839e-09,,0.584,2,0.584,0.5
6,1.4527,-1.0481e-10,0,-4.8392e-09,,0.585,2,0.585,0.5
6,1.4517,-1.0534e-10,0,-4.8395e-09,,0.586,2,0.586,0.5
6,1.4507,-1.0587e-10,0,-4.8397e-09,,0.587,2,0.587,0.5
6,1.4497,-1.064e-10,0,-4.8399e-09,,0.588,2,0.588,0.5
6,1.4486,-1.0692e-10,0,-4.8401e-09,,0.589,2,0.589,0.5
6,1.4475,-1.0744e-10,0,-4.8403e-09,,0.59,2,0.59,0.5
6,1.4464,-1.0796e-10,0,-4.8405e-09,,0.591,2,0.591,0.5
6,1.4453,-1.0848e-10,0,-4.8407e-09,,0.592,2,0.592,0.5
6,1.4442,-1.09e-10,0,-4.8409e-09,,0.593,2,0.593,0.5
6,1.4431,-1.0952e-10,0,-4.8411e-09,,0.594,2,0.594,0.5
6,1.442,-1.1004e-10,0,-4.8413e-09,,0.595,2,0.595,0.5
6,1.4409,-1.1056e-10,0,-4.8415e-09,,0.596,2,0.596,0.5
6,1.4398,-1.1108e-10,0,-4.8417e-09,,0.597,2,0.597,0.5
6,1.4387,-1.116e-10,0,-4.8419e-09,,0.598,2,0.598,0.5
6,1.4376,-1.1212e-10,0,-4.8421e-09,,0.599,2,0.599,0.5
6,1.4365,-1.1264e-10,0,-4.8423e-09,,0.6,2,0.6,0.5
6,1.4353,-1.1315e-10,0,-4.8425e-09,,0.601,2,0.601,0.5
6,1.434,-1.1365e-10,0,-4.8427e-09,,0.602,2,0.602,0.5
6,1.4328,-1.1416e-10,0,-4.8429e-09,,0.603,2,0.603,0.5
6,1.4315,-1.1466e-10,0,-4.8431e-09,,0.604,2,0.604,0.5
6,1.4303,-1.1517e-10,0,-4.8433e-09,,0.605,2,0.605,0.5
6,1.429,-1.1567e-10,0,-4.8435e-09,,0.606,2,0.606,0.5
6,1.4278,-1.1618e-10,0,-4.8437e-09,,0.607,2,0.607,0.5
6,1.4265,-1.1668e-10,0,-4.8439e-09,,0.608,2,0.608,0.5
6,1.4253,-1.1718e-10,0,-4.8441e-09,,0.609,2,0.609,0.5
6,1.424,-1.1769e-10,0,-4.8443e-09,,0.61,2,0.61,0.5
6,1.4228,-1.1819e-10,0,-4.8445e-09,,0.611,2,0.611,0.5
6,1.4215,-1.187e-10,0,-4.8447e-09,,0.612,2,0.612,0.5
6,1.4202,-1.1919e-10,0,-4.8449e-09,,0.613,2,0.613,0.5
6,1.4188,-1.1967e-10,0,-4.8451e-09,,0.614,2,0.614,0.5
6,1.4174,-1.2016e-10,0,-4.8453e-09,,0.615,2,0.615,0.5
6,1.416,-1.2064e-10,0,-4.8455e-09,,0.616,2,0.616,0.5
6,1.4146,-1.2112e-10,0,-4.8457e-09,,0.617,2,0.617,0.5
6,1.4132,-1.2161e-10,0,-4.8459e-09,,0.618,2,0.618,0.5
6,1.4118,-1.2209e-10,0,-4.8461e-09,,0.619,2,0.619,0.5
6,1.4104,-1.2257e-10,0,-4.8463e-09,,0.62,2,0.62,0.5
6,1.409,-1.2306e-10,0,-4.8465e-09,,0.621,2,0.621,0.5
6,1.4076,-1.2354e-10,0,-4.8467e-09,,0.622,2,0.622,0.5
6,1.4063,-1.2402e-10,0,-4.8469e-09,,0.623,2,0.623,0.5
6,1.4049,-1.2451e-10,0,-4.8471e-09,,0.624,2,0.624,0.5
6,1.4035,-1.2499e-10,0,-4.8473e-09,,0.625,2,0.625,0.5
6,1.4019,-1.2545e-10,0,-4.8475e-09,,0.626,2,0.626,0.5
6,1.4004,-1.259e-10,0,-4.8477e-09,,0.627,2,0.627,0.5
6,1.3988,-1.2636e-10,0,-4.8478e-09,,0.628,2,0.628,0.5
6,1.3973,-1.2681e-10,0,-4.848e-09,,0.629,2,0.629,0.5
6,1.3957,-1.2727e-10,0,-4.8482e-09,,0.63,2,0.63,0.5
6,1.3942,-1.2772e-10,0,-4.8484e-09,,0.631,2,0.631,0.5
6,1.3926,-1.2818e-10,0,-4.8486e-09,,0.632,2,0.632,0.5
6,1.3911,-1.2863e-10,0,-4.8488e-09,,0.633,2,0.633,0.5
6,1.3896,-1.2909e-10,0,-4.849e-09,,0.634,2,0.634,0.5
6,1.388,-1.2954e-10,0,-4.8492e-09,,0.635,2,0.635,0.5
6,1.3865,-1.3e-10,0,-4.8494e-09,,0.636,2,0.636,0.5
6,1.3849,-1.3045e-10,0,-4.8496e-09,,0.637,2,0.637,0.5
6,1.3833,-1.3089e-10,0,-4.8497e-09,,0.638,2,0.638,0.5
6,1.3816,-1.3131e-10,0,-4.8499e-09,,0.639,2,0.639,0.5
6,1.3799,-1.3173e-10,0,-4.8501e-09,,0.64,2,0.64,0.5
6,1.3782,-1.3215e-10,0,-4.8503e-09,,0.641,2,0.641,0.5
6,1.3765,-1.3257e-10,0,-4.8505e-09,,0.642,2,0.642,0.5
6,1.3748,-1.3299e-10,0,-4.8507e-09,,0.643,2,0.643,0.5
6,1.3731,-1.3341e-10,0,-4.8508e-09,,0.644,2,0.644,0.5
6,1.3715,-1.3383e-10,0,-4.851e-09,,0.645,2,0.645,0.5
6,1.3698,-1.3424e-10,0,-4.8512e-09,,0.646,2,0.646,0.5
6,1.3681,-1.3466e-10,0,-4.8514e-09,,0.647,2,0.647,0.5
6,1.3664,-1.3508e-10,0,-4.8516e-09,,0.648,2,0.648,0.5
6,1.3647,-1.355e-10,0,-4.8518e-09,,0.649,2,0.649,0.5
6,1.363,-1.3592e-10,0,-4.852e-09,,0.65,2,0.65,0.5
6,1.3611,-1.363e-10,0,-4.8521e-09,,0.651,2,0.651,0.5
6,1.3593,-1.3667e-10,0,-4.8523e-09,,0.652,2,0.652,0.5
6,1.3575,-1.3704e-10,0,-4.8525e-09,,0.653,2,0.653,0.5
6,1.3556,-1.3742e-10,0,-4.8527e-09,,0.654,2,0.654,0.5
6,1.3538,-1.3779e-10,0,-4.8529e-09,,0.655,2,0.655,0.5
6,1.3519,-1.3817e-10,0,-4.853e-09,,0.656,2,0.656,0.5
6,1.3501,-1.3854e-10,0,-4.8532e-09,,0.657,2,0.657,0.5
6,1.3483,-1.3892e-10,0,-4.8534e-09,,0.658,2,0.658,0.5
6,1.3464,-1.3929e-10,0,-4.8536e-09,,0.659,2,0.659,0.5
6,1.3446,-1.3966e-10,0,-4.8538e-09,,0.66,2,0.66,0.5
6,1.3427,-1.4004e-10,0,-4.8539e-09,,0.661,2,0.661,0.5
6,1.3409,-1.4041e-10,0,-4.8541e-09,,0.662,2,0.662,0.5
6,1.339,-1.4076e-10,0,-4.8543e-09,,0.663,2,0.663,0.5
6,1.337,-1.4108e-10,0,-4.8545e-09,,0.664,2,0.664,0.5
6,1.335,-1.414e-10,0,-4.8547e-09,,0.665,2,0.665,0.5
6,1.333,-1.4172e-10,0,-4.8548e-09,,0.666,2,0.666,0.5
6,1.331,-1.4204e-10,0,-4.855e-09,,0.667,2,0.667,0.5
6,1.329,-1.4236e-10,0,-4.8552e-09,,0.668,2,0.668,0.5
6,1.327,-1.4268e-10,0,-4.8554e-09,,0.669,2,0.669,0.5
6,1.325,-1.4299e-10,0,-4.8555e-09,,0.67,2,0.67,0.5
6,1.323,-1.4331e-10,0,-4.8557e-09,,0.671,2,0.671,0.5
6,1.321,-1.4363e-10,0,-4.8559e-09,,0.672,2,0.672,0.5
6,1.319,-1.4395e-10,0,-4.8561e-09,,0.673,2,0.673,0.5
6,1.3171,-1.4427e-10,0,-4.8562e-09,,0.674,2,0.674,0.5
6,1.3151,-1.4459e-10,0,-4.8564e-09,,0.675,2,0.675,0.5
6,1.3129,-1.4485e-10,0,-4.8566e-09,,0.676,2,0.676,0.5
6,1.3108,-1.451e-10,0,-4.8568e-09,,0.677,2,0.677,0.5
6,1.3086,-1.4535e-10,0,-4.8569e-09,,0.678,2,0.678,0.5
6,1.3065,-1.4561e-10,0,-4.8571e-09,,0.679,2,0.679,0.5
6,1.3044,-1.4586e-10,0,-4.8573e-09,,0.68,2,0.68,0.5
6,1.3022,-1.4612e-10,0,-4.8574e-09,,0.681,2,0.681,0.5
6,1.3001,-1.4637e-10,0,-4.8576e-09,,0.682,2,0.682,0.5
6,1.2979,-1.4663e-10,0,-4.8578e-09,,0.683,2,0.683,0.5
6,1.2958,-1.4688e-10,0,-4.858e-09,,0.684,2,0.684,0.5
6,1.2936,-1.4714e-10,0,-4.8581e-09,,0.685,2,0.685,0.5
6,1.2915,-1.4739e-10,0,-4.8583e-09,,0.686,2,0.686,0.5
6,1.2894,-1.4765e-10,0,-4.8585e-09,,0.687,2,0.687,0.5
6,1.2871,-1.4786e-10,0,-4.8587e-09,,0.688,2,0.688,0.5
6,1.2848,-1.4804e-10,0,-4.8588e-09,,0.689,2,0.689,0.5
6,1.2826,-1.4822e-10,0,-4.859e-09,,0.69,2,0.69,0.5
6,1.2803,-1.484e-10,0,-4.8592e-09,,0.691,2,0.691,0.5
6,1.278,-1.4858e-10,0,-4.8593e-09,,0.692,2,0.692,0.5
6,1.2757,-1.4876e-10,0,-4.8595e-09,,0.693,2,0.693,0.5
6,1.2734,-1.4894e-10,0,-4.8597e-09,,0.694,2,0.694,0.5
6,1.2711,-1.4912e-10,0,-4.8598e-09,,0.695,2,0.695,0.5
6,1.2688,-1.493e-10,0,-4.86e-09,,0.696,2,0.696,0.5
6,1.2665,-1.4948e-10,0,-4.8602e-09,,0.697,2,0.697,0.5
6,1.2642,-1.4966e-10,0,-4.8603e-09,,0.698,2,0.698,0.5
6,1.2619,-1.4984e-10,0,-4.8605e-09,,0.699,2,0.699,0.5
6,1.2596,-1.5002e-10,0,-4.8607e-09,,0.7,2,0.7,0.5
6,1.2572,-1.5012e-10,0,-4.8608e-09,,0.701,2,0.701,0.5
6,1.2547,-1.5021e-10,0,-4.861e-09,,0.702,2,0.702,0.5
6,1.2523,-1.5031e-10,0,-4.8612e-09,,0.703,2,0.703,0.5
6,1.2499,-1.5041e-10,0,-4.8613e-09,,0.704,2,0.704,0.5
6,1.2474,-1.505e-10,0,-4.8615e-09,,0.705,2,0.705,0.5
6,1.245,-1.506e-10,0,-4.8617e-09,,0.706,2,0.706,0.5
6,1.2425,-1.507e-10,0,-4.8618e-09,,0.707,2,0.707,0.5
6,1.2401,-1.5079e-10,0,-4.862e-09,,0.708,2,0.708,0.5
6,1.2376,-1.5089e-10,0,-4.8622e-09,,0.709,2,0.709,0.5
6,1.2352,-1.5098e-10,0,-4.8623e-09,,0.71,2,0.71,0.5
6,1.2328,-1.5108e-10,0,-4.8625e-09,,0.711,2,0.711,0.5
6,1.2303,-1.5118e-10,0,-4.8627e-09,,0.712,2,0.712,0.5
6,1.2278,-1.5123e-10,0,-4.8628e-09,,0.713,2,0.713,0.5
6,1.2252,-1.5123e-10,0,-4.863e-09,,0.714,2,0.714,0.5
6,1.2226,-1.5124e-10,0,-4.8632e-09,,0.715,2,0.715,0.5
6,1.22,-1.5124e-10,0,-4.8633e-09,,0.716,2,0.716,0.5
6,1.2174,-1.5125e-10,0,-4.8635e-09,,0.717,2,0.717,0.5
6,1.2148,-1.5125e-10,0,-4.8636e-09,,0.718,2,0.718,0.5
6,1.2122,-1.5126e-10,0,-4.8638e-09,,0.719,2,0.719,0.5
6,1.2096,-1.5126e-10,0,-4.864e-09,,0.72,2,0.72,0.5
6,1.207,-1.5127e-10,0,-4.8641e-09,,0.721,2,0.721,0.5
6,1.2044,-1.5127e-10,0,-4.8643e-09,,0.722,2,0.722,0.5
6,1.2019,-1.5128e-10,0,-4.8645e-09,,0.723,2,0.723,0.5
6,1.1993,-1.5128e-10,0,-4.8646e-09,,0.724,2,0.724,0.5
6,1.1967,-1.5129e-10,0,-4.8648e-09,,0.725,2,0.725,0.5
6,1.1939,-1.5119e-10,0,-4.8649e-09,,0.726,2,0.726,0.5
6,1.1912,-1.511e-10,0,-4.8651e-09,,0.727,2,0.727,0.5
6,1.1884,-1.5101e-10,0,-4.8653e-09,,0.728,2,0.728,0.5
6,1.1857,-1.5092e-10,0,-4.8654e-09,,0.729,2,0.729,0.5
6,1.1829,-1.5082e-10,0,-4.8656e-09,,0.73,2,0.73,0.5
6,1.1802,-1.5073e-10,0,-4.8657e-09,,0.731,2,0.731,0.5
6,1.1774,-1.5064e-10,0,-4.8659e-09,,0.732,2,0.732,0.5
6,1.1747,-1.5055e-10,0,-4.866e-09,,0.733,2,0.733,0.5
6,1.172,-1.5045e-10,0,-4.8662e-09,,0.734,2,0.734,0.5
6,1.1692,-1.5036e-10,0,-4.8664e-09,,0.735,2,0.735,0.5
6,1.1665,-1.5027e-10,0,-4.8665e-09,,0.736,2,0.736,0.5
6,1.1637,-1.5018e-10,0,-4.8667e-09,,0.737,2,0.737,0.5
6,1.1609,-1.5003e-10,0,-4.8668e-09,,0.738,2,0.738,0.5
6,1.158,-1.4984e-10,0,-4.867e-09,,0.739,2,0.739,0.5
6,1.1551,-1.4965e-10,0,-4.8672e-09,,0.74,2,0.74,0.5
6,1.1522,-1.4945e-10,0,-4.8673e-09,,0.741,2,0.741,0.5
6,1.1493,-1.4926e-10,0,-4.8675e-09,,0.742,2,0.742,0.5
6,1.1464,-1.4907e-10,0,-4.8676e-09,,0.743,2,0.743,0.5
6,1.1435,-1.4887e-10,0,-4.8678e-09,,0.744,2,0.744,0.5
6,1.1406,-1.4868e-10,0,-4.8679e-09,,0.745,2,0.745,0.5
6,1.1377,-1.4849e-10,0,-4.8681e-09,,0.746,2,0.746,0.5
6,1.1348,-1.4829e-10,0,-4.8682e-09,,0.747,2,0.747,0.5
6,1.1319,-1.481e-10,0,-4.8684e-09,,0.748,2,0.748,0.5
6,1.129,-1.479e-10,0,-4.8686e-09,,0.749,2,0.749,0.5
6,1.1261,-1.4771e-10,0,-4.8687e-09,,0.75,2,0.75,0.5
6,1.1231,-1.4741e-10,0,-4.8689e-09,,0.751,2,0.751,0.5
6,1.12,-1.4712e-10,0,-4.869e-09,,0.752,2,0.752,0.5
6,1.117,-1.4682e-10,0,-4.8692e-09,,0.753,2,0.753,0.5
6,1.1139,-1.4653e-10,0,-4.8693e-09,,0.754,2,0.754,0.5
6,1.1109,-1.4623e-10,0,-4.8695e-09,,0.755,2,0.755,0.5
6,1.1078,-1.4593e-10,0,-4.8696e-09,,0.756,2,0.756,0.5
6,1.1048,-1.4564e-10,0,-4.8698e-09,,0.757,2,0.757,0.5
6,1.1017,-1.4534e-10,0,-4.8699e-09,,0.758,2,0.758,0.5
6,1.0987,-1.4504e-10,0,-4.8701e-09,,0.759,2,0.759,0.5
6,1.0956,-1.4475e-10,0,-4.8702e-09,,0.76,2,0.76,0.5
6,1.0926,-1.4445e-10,0,-4.8704e-09,,0.761,2,0.761,0.5
6,1.0895,-1.4416e-10,0,-4.8705e-09,,0.762,2,0.762,0.5
6,1.0864,-1.4381e-10,0,-4.8707e-09,,0.763,2,0.763,0.5
6,1.0832,-1.4341e-10,0,-4.8708e-09,,0.764,2,0.764,0.5
6,1.08,-1.4301e-10,0,-4.871e-09,,0.765,2,0.765,0.5
6,1.0768,-1.4262e-10,0,-4.8711e-09,,0.766,2,0.766,0.5
6,1.0736,-1.4222e-10,0,-4.8713e-09,,0.767,2,0.767,0.5
6,1.0704,-1.4182e-10,0,-4.8714e-09,,0.768,2,0.768,0.5
6,1.0672,-1.4142e-10,0,-4.8716e-09,,0.769,2,0.769,0.5
6,1.064,-1.4102e-10,0,-4.8717e-09,,0.77,2,0.77,0.5
6,1.0608,-1.4063e-10,0,-4.8719e-09,,0.771,2,0.771,0.5
6,1.0576,-1.4023e-10,0,-4.872e-09,,0.772,2,0.772,0.5
6,1.0544,-1.3983e-10,0,-4.8722e-09,,0.773,2,0.773,0.5
6,1.0512,-1.3943e-10,0,-4.8723e-09,,0.774,2,0.774,0.5
6,1.048,-1.3904e-10,0,-4.8725e-09,,0.775,2,0.775,0.5
6,1.0446,-1.3854e-10,0,-4.8726e-09,,0.776,2,0.776,0.5
6,1.0413,-1.3805e-10,0,-4.8728e-09,,0.777,2,0.777,0.5
6,1.0379,-1.3755e-10,0,-4.8729e-09,,0.778,2,0.778,0.5
6,1.0345,-1.3706e-10,0,-4.8731e-09,,0.779,2,0.779,0.5
6,1.0312,-1.3656e-10,0,-4.8732e-09,,0.78,2,0.78,0.5
6,1.0278,-1.3607e-10,0,-4.8734e-09,,0.781,2,0.781,0.5
6,1.0245,-1.3557e-10,0,-4.8735e-09,,0.782,2,0.782,0.5
6,1.0211,-1.3508e-10,0,-4.8736e-09,,0.783,2,0.783,0.5
6,1.0178,-1.3458e-10,0,-4.8738e-09,,0.784,2,0.784,0.5
6,1.0144,-1.3409e-10,0,-4.8739e-09,,0.785,2,0.785,0.5
6,1.0111,-1.3359e-10,0,-4.8741e-09,,0.786,2,0.786,0.5
6,1.0077,-1.331e-10,0,-4.8742e-09,,0.787,2,0.787,0.5
6,1.0043,-1.3256e-10,0,-4.8744e-09,,0.788,2,0.788,0.5
6,1.0008,-1.3197e-10,0,-4.8745e-09,,0.789,2,0.789,0.5
6,0.99725,-1.3139e-10,0,-4.8747e-09,,0.79,2,0.79,0.5
6,0.99375,-1.308e-10,0,-4.8748e-09,,0.791,2,0.791,0.5
6,0.99024,-1.3021e-10,0,-4.8749e-09,,0.792,2,0.792,0.5
6,0.98673,-1.2963e-10,0,-4.8751e-09,,0.793,2,0.793,0.5
6,0.98322,-1.2904e-10,0,-4.8752e-09,,0.794,2,0.794,0.5
6,0.97971,-1.2846e-10,0,-4.8754e-09,,0.795,2,0.795,0.5
6,0.9762,-1.2787e-10,0,-4.8755e-09,,0.796,2,0.796,0.5
6,0.9727,-1.2729e-10,0,-4.8756e-09,,0.797,2,0.797,0.5
6,0.96919,-1.267e-10,0,-4.8758e-09,,0.798,2,0.798,0.5
6,0.96568,-1.2612e-10,0,-4.8759e-09,,0.799,2,0.799,0.5
6,0.96217,-1.2553e-10,0,-4.8761e-09,,0.8,2,0.8,0.5
6,0.95851,-1.2486e-10,0,-4.8762e-09,,0.801,2,0.801,0.5
6,0.95485,-1.242e-10,0,-4.8763e-09,,0.802,2,0.802,0.5
6,0.95119,-1.2353e-10,0,-4.8765e-09,,0.803,2,0.803,0.5
6,0.94753,-1.2286e-10,0,-4.8766e-09,,0.804,2,0.804,0.5
6,0.94386,-1.222e-10,0,-4.8768e-09,,0.805,2,0.805,0.5
6,0.9402,-1.2153e-10,0,-4.8769e-09,,0.806,2,0.806,0.5
6,0.93654,-1.2086e-10,0,-4.877e-09,,0.807,2,0.807,0.5
6,0.93288,-1.202e-10,0,-4.8772e-09,,0.808,2,0.808,0.5
6,0.92922,-1.1953e-10,0,-4.8773e-09,,0.809,2,0.809,0.5
6,0.92556,-1.1886e-10,0,-4.8774e-09,,0.81,2,0.81,0.5
6,0.92189,-1.182e-10,0,-4.8776e-09,,0.811,2,0.811,0.5
6,0.91823,-1.1753e-10,0,-4.8777e-09,,0.812,2,0.812,0.5
6,0.91449,-1.1683e-10,0,-4.8778e-09,,0.813,2,0.813,0.5
6,0.91068,-1.1609e-10,0,-4.878e-09,,0.814,2,0.814,0.5
6,0.90687,-1.1536e-10,0,-4.8781e-09,,0.815,2,0.815,0.5
6,0.90305,-1.1462e-10,0,-4.8782e-09,,0.816,2,0.816,0.5
6,0.89924,-1.1388e-10,0,-4.8784e-09,,0.817,2,0.817,0.5
6,0.89542,-1.1315e-10,0,-4.8785e-09,,0.818,2,0.818,0.5
6,0.89161,-1.1241e-10,0,-4.8786e-09,,0.819,2,0.819,0.5
6,0.88779,-1.1168e-10,0,-4.8788e-09,,0.82,2,0.82,0.5
6,0.88398,-1.1094e-10,0,-4.8789e-09,,0.821,2,0.821,0.5
6,0.88016,-1.102e-10,0,-4.879e-09,,0.822,2,0.822,0.5
6,0.87635,-1.0947e-10,0,-4.8792e-09,,0.823,2,0.823,0.5
6,0.87253,-1.0873e-10,0,-4.8793e-09,,0.824,2,0.824,0.5
6,0.86872,-1.08e-10,0,-4.8794e-09,,0.825,2,0.825,0.5
6,0.86475,-1.0721e-10,0,-4.8796e-09,,0.826,2,0.826,0.5
6,0.86078,-1.0641e-10,0,-4.8797e-09,,0.827,2,0.827,0.5
6,0.85681,-1.0562e-10,0,-4.8798e-09,,0.828,2,0.828,0.5
6,0.85284,-1.0483e-10,0,-4.88e-09,,0.829,2,0.829,0.5
6,0.84887,-1.0404e-10,0,-4.8801e-09,,0.83,2,0.83,0.5
6,0.84491,-1.0325e-10,0,-4.8802e-09,,0.831,2,0.831,0.5
6,0.84094,-1.0246e-10,0,-4.8803e-09,,0.832,2,0.832,0.5
6,0.83697,-1.0166e-10,0,-4.8805e-09,,0.833,2,0.833,0.5
6,0.833,-1.0087e-10,0,-4.8806e-09,,0.834,2,0.834,0.5
6,0.82903,-1.0008e-10,0,-4.8807e-09,,0.835,2,0.835,0.5
6,0.82506,-9.9291e-11,0,-4.8809e-09,,0.836,2,0.836,0.5
6,0.82109,-9.8499e-11,0,-4.881e-09,,0.837,2,0.837,0.5
6,0.81705,-9.7688e-11,0,-4.8811e-09,,0.838,2,0.838,0.5
6,0.81293,-9.6857e-11,0,-4.8812e-09,,0.839,2,0.839,0.5
6,0.80881,-9.6025e-11,0,-4.8814e-09,,0.84,2,0.84,0.5
6,0.80468,-9.5194e-11,0,-4.8815e-09,,0.841,2,0.841,0.5
6,0.80056,-9.4363e-11,0,-4.8816e-09,,0.842,2,0.842,0.5
6,0.79644,-9.3531e-11,0,-4.8817e-09,,0.843,2,0.843,0.5
6,0.79232,-9.27e-11,0,-4.8819e-09,,0.844,2,0.844,0.5
6,0.7882,-9.1869e-11,0,-4.882e-09,,0.845,2,0.845,0.5
6,0.78407,-9.1037e-11,0,-4.8821e-09,,0.846,2,0.846,0.5
6,0.77995,-9.0206e-11,0,-4.8822e-09,,0.847,2,0.847,0.5
6,0.77583,-8.9375e-11,0,-4.8824e-09,,0.848,2,0.848,0.5
6,0.77171,-8.8543e-11,0,-4.8825e-09,,0.849,2,0.849,0.5
6,0.76759,-8.7712e-11,0,-4.8826e-09,,0.85,2,0.85,0.5
6,0.76331,-8.6858e-11,0,-4.8827e-09,,0.851,2,0.851,0.5
6,0.75903,-8.6003e-11,0,-4.8829e-09,,0.852,2,0.852,0.5
6,0.75476,-8.5149e-11,0,-4.883e-09,,0.853,2,0.853,0.5
6,0.75048,-8.4294e-11,0,-4.8831e-09,,0.854,2,0.854,0.5
6,0.74621,-8.344e-11,0,-4.8832e-09,,0.855,2,0.855,0.5
6,0.74193,-8.2585e-11,0,-4.8833e-09,,0.856,2,0.856,0.5
6,0.73766,-8.1731e-11,0,-4.8835e-09,,0.857,2,0.857,0.5
6,0.73338,-8.0877e-11,0,-4.8836e-09,,0.858,2,0.858,0.5
6,0.72911,-8.0022e-11,0,-4.8837e-09,,0.859,2,0.859,0.5
6,0.72483,-7.9168e-11,0,-4.8838e-09,,0.86,2,0.86,0.5
6,0.72055,-7.8313e-11,0,-4.8839e-09,,0.861,2,0.861,0.5
6,0.71628,-7.7459e-11,0,-4.8841e-09,,0.862,2,0.862,0.5
6,0.71193,-7.6602e-11,0,-4.8842e-09,,0.863,2,0.863,0.5
6,0.7075,-7.5742e-11,0,-4.8843e-09,,0.864,2,0.864,0.5
6,0.70307,-7.4882e-11,0,-4.8844e-09,,0.865,2,0.865,0.5
6,0.69864,-7.4022e-11,0,-4.8845e-09,,0.866,2,0.866,0.5
6,0.69421,-7.3162e-11,0,-4.8847e-09,,0.867,2,0.867,0.5
6,0.68978,-7.2302e-11,0,-4.8848e-09,,0.868,2,0.868,0.5
6,0.68535,-7.1442e-11,0,-4.8849e-09,,0.869,2,0.869,0.5
6,0.68092,-7.0582e-11,0,-4.885e-09,,0.87,2,0.87,0.5
6,0.67649,-6.9722e-11,0,-4.8851e-09,,0.871,2,0.871,0.5
6,0.67206,-6.8862e-11,0,-4.8852e-09,,0.872,2,0.872,0.5
6,0.66763,-6.8002e-11,0,-4.8854e-09,,0.873,2,0.873,0.5
6,0.66321,-6.7142e-11,0,-4.8855e-09,,0.874,2,0.874,0.5
6,0.65878,-6.6282e-11,0,-4.8856e-09,,0.875,2,0.875,0.5
6,0.65419,-6.5434e-11,0,-4.8857e-09,,0.876,2,0.876,0.5
6,0.64961,-6.4586e-11,0,-4.8858e-09,,0.877,2,0.877,0.5
6,0.64503,-6.3739e-11,0,-4.8859e-09,,0.878,2,0.878,0.5
6,0.64045,-6.2891e-11,0,-4.886e-09,,0.879,2,0.879,0.5
6,0.63586,-6.2043e-11,0,-4.8862e-09,,0.88,2,0.88,0.5
6,0.63128,-6.1196e-11,0,-4.8863e-09,,0.881,2,0.881,0.5
6,0.6267,-6.0348e-11,0,-4.8864e-09,,0.882,2,0.882,0.5
6,0.62211,-5.95e-11,0,-4.8865e-09,,0.883,2,0.883,0.5
6,0.61753,-5.8653e-11,0,-4.8866e-09,,0.884,2,0.884,0.5
6,0.61295,-5.7805e-11,0,-4.8867e-09,,0.885,2,0.885,0.5
6,0.60837,-5.6957e-11,0,-4.8868e-09,,0.886,2,0.886,0.5
6,0.60378,-5.611e-11,0,-4.887e-09,,0.887,2,0.887,0.5
6,0.59912,-5.5277e-11,0,-4.8871e-09,,0.888,2,0.888,0.5
6,0.59439,-5.446e-11,0,-4.8872e-09,,0.889,2,0.889,0.5
6,0.58965,-5.3642e-11,0,-4.8873e-09,,0.89,2,0.89,0.5
6,0.58492,-5.2824e-11,0,-4.8874e-09,,0.891,2,0.891,0.5
6,0.58018,-5.2007e-11,0,-4.8875e-09,,0.892,2,0.892,0.5
6,0.57544,-5.1189e-11,0,-4.8876e-09,,0.893,2,0.893,0.5
6,0.57071,-5.0372e-11,0,-4.8877e-09,,0.894,2,0.894,0.5
6,0.56597,-4.9554e-11,0,-4.8878e-09,,0.895,2,0.895,0.5
6,0.56124,-4.8737e-11,0,-4.888e-09,,0.896,2,0.896,0.5
6,0.5565,-4.7919e-11,0,-4.8881e-09,,0.897,2,0.897,0.5
6,0.55176,-4.7102e-11,0,-4.8882e-09,,0.898,2,0.898,0.5
6,0.54703,-4.6284e-11,0,-4.8883e-09,,0.899,2,0.899,0.5
6,0.54229,-4.5467e-11,0,-4.8884e-09,,0.9,2,0.9,0.5
6,0.5374,-4.4696e-11,0,-4.8885e-09,,0.901,2,0.901,0.5
6,0.53251,-4.3926e-11,0,-4.8886e-09,,0.902,2,0.902,0.5
6,0.52762,-4.3156e-11,0,-4.8887e-09,,0.903,2,0.903,0.5
6,0.52274,-4.2386e-11,0,-4.8888e-09,,0.904,2,0.904,0.5
6,0.51785,-4.1616e-11,0,-4.8889e-09,,0.905,2,0.905,0.5
6,0.51296,-4.0846e-11,0,-4.8891e-09,,0.906,2,0.906,0.5
6,0.50807,-4.0076e-11,0,-4.8892e-09,,0.907,2,0.907,0.5
6,0.50318,-3.9306e-11,0,-4.8893e-09,,0.908,2,0.908,0.5
6,0.49829,-3.8536e-11,0,-4.8894e-09,,0.909,2,0.909,0.5
6,0.4934,-3.7765e-11,0,-4.8895e-09,,0.91,2,0.91,0.5
6,0.48851,-3.6995e-11,0,-4.8896e-09,,0.911,2,0.911,0.5
6,0.48362,-3.6225e-11,0,-4.8897e-09,,0.912,2,0.912,0.5
6,0.47866,-3.5487e-11,0,-4.8898e-09,,0.913,2,0.913,0.5
6,0.47361,-3.4781e-11,0,-4.8899e-09,,0.914,2,0.914,0.5
6,0.46857,-3.4074e-11,0,-4.89e-09,,0.915,2,0.915,0.5
6,0.46353,-3.3368e-11,0,-4.8901e-09,,0.916,2,0.916,0.5
6,0.45849,-3.2662e-11,0,-4.8902e-09,,0.917,2,0.917,0.5
6,0.45344,-3.1956e-11,0,-4.8903e-09,,0.918,2,0.918,0.5
6,0.4484,-3.125e-11,0,-4.8904e-09,,0.919,2,0.919,0.5
6,0.44336,-3.0543e-11,0,-4.8906e-09,,0.92,2,0.92,0.5
6,0.43832,-2.9837e-11,0,-4.8907e-09,,0.921,2,0.921,0.5
6,0.43327,-2.9131e-11,0,-4.8908e-09,,0.922,2,0.922,0.5
6,0.42823,-2.8425e-11,0,-4.8909e-09,,0.923,2,0.923,0.5
6,0.42319,-2.7718e-11,0,-4.891e-09,,0.924,2,0.924,0.5
6,0.41815,-2.7012e-11,0,-4.8911e-09,,0.925,2,0.925,0.5
6,0.41295,-2.6385e-11,0,-4.8912e-09,,0.926,2,0.926,0.5
6,0.40776,-2.5758e-11,0,-4.8913e-09,,0.927,2,0.927,0.5
6,0.40256,-2.5131e-11,0,-4.8914e-09,,0.928,2,0.928,0.5
6,0.39737,-2.4504e-11,0,-4.8915e-09,,0.929,2,0.929,0.5
6,0.39217,-2.3876e-11,0,-4.8916e-09,,0.93,2,0.93,0.5
6,0.38698,-2.3249e-11,0,-4.8917e-09,,0.931,2,0.931,0.5
6,0.38178,-2.2622e-11,0,-4.8918e-09,,0.932,2,0.932,0.5
6,0.37659,-2.1995e-11,0,-4.8919e-09,,0.933,2,0.933,0.5
6,0.37139,-2.1368e-11,0,-4.892e-09,,0.934,2,0.934,0.5
6,0.3662,-2.0741e-11,0,-4.8921e-09,,0.935,2,0.935,0.5
6,0.361,-2.0114e-11,0,-4.8922e-09,,0.936,2,0.936,0.5
6,0.35581,-1.9487e-11,0,-4.8923e-09,,0.937,2,0.937,0.5
6,0.35053,-1.8906e-11,0,-4.8924e-09,,0.938,2,0.938,0.5
6,0.34519,-1.8372e-11,0,-4.8925e-09,,0.939,2,0.939,0.5
6,0.33984,-1.7837e-11,0,-4.8926e-09,,0.94,2,0.94,0.5
6,0.33449,-1.7303e-11,0,-4.8928e-09,,0.941,2,0.941,0.5
6,0.32914,-1.6769e-11,0,-4.8929e-09,,0.942,2,0.942,0.5
6,0.3238,-1.6235e-11,0,-4.893e-09,,0.943,2,0.943,0.5
6,0.31845,-1.57e-11,0,-4.8931e-09,,0.944,2,0.944,0.5
6,0.3131,-1.5166e-11,0,-4.8932e-09,,0.945,2,0.945,0.5
6,0.30775,-1.4632e-11,0,-4.8933e-09,,0.946,2,0.946,0.5
6,0.30241,-1.4098e-11,0,-4.8934e-09,,0.947,2,0.947,0.5
6,0.29706,-1.3563e-11,0,-4.8935e-09,,0.948,2,0.948,0.5
6,0.29171,-1.3029e-11,0,-4.8936e-09,,0.949,2,0.949,0.5
6,0.28636,-1.2495e-11,0,-4.8937e-09,,0.95,2,0.95,0.5
6,0.28086,-1.2066e-11,0,-4.8938e-09,,0.951,2,0.951,0.5
6,0.27536,-1.1636e-11,0,-4.8939e-09,,0.952,2,0.952,0.5
6,0.26986,-1.1207e-11,0,-4.894e-09,,0.953,2,0.953,0.5
6,0.26436,-1.0778e-11,0,-4.8941e-09,,0.954,2,0.954,0.5
6,0.25886,-1.0348e-11,0,-4.8942e-09,,0.955,2,0.955,0.5
6,0.25336,-9.9188e-12,0,-4.8943e-09,,0.956,2,0.956,0.5
6,0.24786,-9.4894e-12,0,-4.8944e-09,,0.957,2,0.957,0.5
6,0.24236,-9.0601e-12,0,-4.8945e-09,,0.958,2,0.958,0.5
6,0.23687,-8.6308e-12,0,-4.8946e-09,,0.959,2,0.959,0.5
6,0.23137,-8.2014e-12,0,-4.8947e-09,,0.96,2,0.96,0.5
6,0.22587,-7.772e-12,0,-4.8948e-09,,0.961,2,0.961,0.5
6,0.22037,-7.3427e-12,0,-4.8949e-09,,0.962,2,0.962,0.5
6,0.21479,-6.9716e-12,0,-4.895e-09,,0.963,2,0.963,0.5
6,0.20914,-6.6588e-12,0,-4.8951e-09,,0.964,2,0.964,0.5
6,0.20349,-6.3459e-12,0,-4.8952e-09,,0.965,2,0.965,0.5
6,0.19783,-6.0331e-12,0,-4.8953e-09,,0.966,2,0.966,0.5
6,0.19218,-5.7203e-12,0,-4.8954e-09,,0.967,2,0.967,0.5
6,0.18653,-5.4074e-12,0,-4.8955e-09,,0.968,2,0.968,0.5
6,0.18088,-5.0946e-12,0,-4.8957e-09,,0.969,2,0.969,0.5
6,0.17523,-4.7817e-12,0,-4.8958e-09,,0.97,2,0.97,0.5
6,0.16958,-4.4689e-12,0,-4.8959e-09,,0.971,2,0.971,0.5
6,0.16392,-4.1561e-12,0,-4.896e-09,,0.972,2,0.972,0.5
6,0.15827,-3.8433e-12,0,-4.8961e-09,,0.973,2,0.973,0.5
6,0.15262,-3.5304e-12,0,-4.8962e-09,,0.974,2,0.974,0.5
6,0.14697,-3.2176e-12,0,-4.8963e-09,,0.975,2,0.975,0.5
6,0.14117,-3.0296e-12,0,-4.8964e-09,,0.976,2,0.976,0.5
6,0.13536,-2.8417e-12,0,-4.8965e-09,,0.977,2,0.977,0.5
6,0.12956,-2.6537e-12,0,-4.8966e-09,,0.978,2,0.978,0.5
6,0.12376,-2.4658e-12,0,-4.8967e-09,,0.979,2,0.979,0.5
6,0.11795,-2.2778e-12,0,-4.8968e-09,,0.98,2,0.98,0.5
6,0.11215,-2.0898e-12,0,-4.8969e-09,,0.981,2,0.981,0.5
6,0.10635,-1.9019e-12,0,-4.897e-09,,0.982,2,0.982,0.5
6,0.10054,-1.7139e-12,0,-4.8971e-09,,0.983,2,0.983,0.5
6,0.09474,-1.526e-12,0,-4.8972e-09,,0.984,2,0.984,0.5
6,0.088937,-1.338e-12,0,-4.8973e-09,,0.985,2,0.985,0.5
6,0.083134,-1.1501e-12,0,-4.8974e-09,,0.986,2,0.986,0.5
6,0.077331,-9.6213e-13,0,-4.8975e-09,,0.987,2,0.987,0.5
6,0.071452,-8.3342e-13,0,-4.8976e-09,,0.988,2,0.988,0.5
6,0.065498,-7.6397e-13,0,-4.8976e-09,,0.989,2,0.989,0.5
6,0.059543,-6.9452e-13,0,-4.8977e-09,,0.99,2,0.99,0.5
6,0.053589,-6.2507e-13,0,-4.8977e-09,,0.991,2,0.991,0.5
6,0.047635,-5.5562e-13,0,-4.8978e-09,,0.992,2,0.992,0.5
6,0.041681,-4.8617e-13,0,-4.8978e-09,,0.993,2,0.993,0.5
6,0.035726,-4.1671e-13,0,-4.8979e-09,,0.994,2,0.994,0.5
6,0.029772,-3.4726e-13,0,-4.8979e-09,,0.995,2,0.995,0.5
6,0.023817,-2.7781e-13,0,-4.898e-09,,0.996,2,0.996,0.5
6,0.017863,-2.0836e-13,0,-4.898e-09,,0.997,2,0.997,0.5
6,0.011909,-1.389e-13,0,-4.8981e-09,,0.998,2,0.998,0.5
6,0.0059543,-6.9451e-14,0,-4.8981e-09,,0.999,2,0.999,0.5
6,0,0,0,-4.8982e-09,,1,2,1,0.5
